1,user1,user1,user1@gmail.com,India,Telangana,Karimnagar,2018-31-14 08:31:05
2,user2,user2,user2@gmail.com,India,Chennai,Mangadu,2018-31-14 08:31:05
3,user3,user3,user3@gmail.com,India,Karnataka,Ballari,2018-31-14 08:31:05
4,user4,user4,user4@gmail.com,India,Chennai,Adambakkam,2018-31-14 08:31:05
5,user5,user5,user5@gmail.com,India,Andhra Pradesh,Tirupati,2018-31-14 08:31:06
6,user6,user6,user6@gmail.com,India,Karnataka,Bengaluru,2018-31-14 08:31:06
7,user7,user7,user7@gmail.com,US,Hawaii,Hanapepe,2018-31-14 08:31:06
8,user8,user8,user8@gmail.com,US,Hawaii,Hanapepe,2018-31-14 08:31:06
9,user9,user9,user9@gmail.com,US,New York,Little Falls,2018-31-14 08:31:06
10,user10,user10,user10@gmail.com,India,Andhra Pradesh,Vijayawada,2018-31-14 08:31:06
11,user11,user11,user11@gmail.com,US,New York,Glens Falls,2018-31-14 08:31:06
12,user12,user12,user12@gmail.com,India,Andhra Pradesh,Visakhapatnam,2018-31-14 08:31:06
13,user13,user13,user13@gmail.com,US,Washington,Bellingham,2018-31-14 08:31:06
14,user14,user14,user14@gmail.com,US,New York,Little Falls,2018-31-14 08:31:06
15,user15,user15,user15@gmail.com,US,Washington,Renton,2018-31-14 08:31:07
16,user16,user16,user16@gmail.com,India,Karnataka,Mangaluru,2018-31-14 08:31:07
17,user17,user17,user17@gmail.com,US,Florida,Hollywood,2018-31-14 08:31:07
18,user18,user18,user18@gmail.com,US,Florida,Tierra Verde,2018-31-14 08:31:07
19,user19,user19,user19@gmail.com,US,Florida,Orlando,2018-31-14 08:31:07
20,user20,user20,user20@gmail.com,India,Telangana,Khammam,2018-31-14 08:31:07
21,user21,user21,user21@gmail.com,US,Hawaii,Pupukea,2018-31-14 08:31:07
22,user22,user22,user22@gmail.com,US,New York,Glens Falls,2018-31-14 08:31:07
23,user23,user23,user23@gmail.com,India,Chennai,Virugambakkam,2018-31-14 08:31:07
24,user24,user24,user24@gmail.com,US,Florida,Indian Creek,2018-31-14 08:31:07
25,user25,user25,user25@gmail.com,India,Karnataka,Bagalkot,2018-31-14 08:31:08
26,user26,user26,user26@gmail.com,US,Hawaii,Pearl City,2018-31-14 08:31:08
27,user27,user27,user27@gmail.com,US,Hawaii,Hanapepe,2018-31-14 08:31:08
28,user28,user28,user28@gmail.com,India,Karnataka,Ballari,2018-31-14 08:31:08
29,user29,user29,user29@gmail.com,India,Andhra Pradesh,Kakinada,2018-31-14 08:31:08
30,user30,user30,user30@gmail.com,India,Chennai,Tambaram,2018-31-14 08:31:08
31,user31,user31,user31@gmail.com,India,Chennai,Virugambakkam,2018-31-14 08:31:08
32,user32,user32,user32@gmail.com,India,Karnataka,Bidar,2018-31-14 08:31:08
33,user33,user33,user33@gmail.com,US,Hawaii,East Honolulu,2018-31-14 08:31:08
34,user34,user34,user34@gmail.com,India,Chennai,Madras,2018-31-14 08:31:08
35,user35,user35,user35@gmail.com,US,Washington,Bellevue,2018-31-14 08:31:09
36,user36,user36,user36@gmail.com,India,Andhra Pradesh,Kakinada,2018-31-14 08:31:09
37,user37,user37,user37@gmail.com,India,Chennai,Mangadu,2018-31-14 08:31:09
38,user38,user38,user38@gmail.com,India,Karnataka,Ballari,2018-31-14 08:31:09
39,user39,user39,user39@gmail.com,India,Andhra Pradesh,Guntur,2018-31-14 08:31:09
40,user40,user40,user40@gmail.com,US,Hawaii,Honolulu,2018-31-14 08:31:09
41,user41,user41,user41@gmail.com,US,Florida,Indian Creek,2018-31-14 08:31:09
42,user42,user42,user42@gmail.com,India,Chennai,Madras,2018-31-14 08:31:09
43,user43,user43,user43@gmail.com,India,Telangana,Hyderabad,2018-31-14 08:31:09
44,user44,user44,user44@gmail.com,India,Chennai,Kottur,2018-31-14 08:31:09
45,user45,user45,user45@gmail.com,India,Telangana,Hyderabad,2018-31-14 08:31:10
46,user46,user46,user46@gmail.com,US,New York,Hornell,2018-31-14 08:31:10
47,user47,user47,user47@gmail.com,India,Andhra Pradesh,Visakhapatnam,2018-31-14 08:31:10
48,user48,user48,user48@gmail.com,India,Telangana,Karimnagar,2018-31-14 08:31:10
49,user49,user49,user49@gmail.com,India,Andhra Pradesh,Tirupati,2018-31-14 08:31:10
50,user50,user50,user50@gmail.com,US,Hawaii,East Honolulu,2018-31-14 08:31:10
51,user51,user51,user51@gmail.com,India,Telangana,Warangal,2018-31-14 08:31:10
52,user52,user52,user52@gmail.com,India,Chennai,Kottur,2018-31-14 08:31:10
53,user53,user53,user53@gmail.com,India,Telangana,Nalgonda,2018-31-14 08:31:10
54,user54,user54,user54@gmail.com,US,Washington,Pasco,2018-31-14 08:31:10
55,user55,user55,user55@gmail.com,India,Andhra Pradesh,Vijayawada,2018-31-14 08:31:11
56,user56,user56,user56@gmail.com,India,Andhra Pradesh,Tirupati,2018-31-14 08:31:11
57,user57,user57,user57@gmail.com,US,Florida,Orlando,2018-31-14 08:31:11
58,user58,user58,user58@gmail.com,India,Telangana,Warangal,2018-31-14 08:31:11
59,user59,user59,user59@gmail.com,India,Karnataka,Bagalkot,2018-31-14 08:31:11
60,user60,user60,user60@gmail.com,India,Karnataka,Ballari,2018-31-14 08:31:11
61,user61,user61,user61@gmail.com,US,Washington,Bellevue,2018-31-14 08:31:11
62,user62,user62,user62@gmail.com,US,Hawaii,Pupukea,2018-31-14 08:31:11
63,user63,user63,user63@gmail.com,India,Karnataka,Mangaluru,2018-31-14 08:31:11
64,user64,user64,user64@gmail.com,US,New York,Niagara Falls,2018-31-14 08:31:11
65,user65,user65,user65@gmail.com,US,New York,Canandaigua,2018-31-14 08:31:12
66,user66,user66,user66@gmail.com,US,New York,Canandaigua,2018-31-14 08:31:12
67,user67,user67,user67@gmail.com,India,Chennai,Adambakkam,2018-31-14 08:31:12
68,user68,user68,user68@gmail.com,US,Washington,Bellingham,2018-31-14 08:31:12
69,user69,user69,user69@gmail.com,US,Hawaii,East Honolulu,2018-31-14 08:31:12
70,user70,user70,user70@gmail.com,US,Hawaii,East Honolulu,2018-31-14 08:31:12
71,user71,user71,user71@gmail.com,India,Telangana,Hyderabad,2018-31-14 08:31:12
72,user72,user72,user72@gmail.com,US,New York,Little Falls,2018-31-14 08:31:12
73,user73,user73,user73@gmail.com,India,Telangana,Warangal,2018-31-14 08:31:12
74,user74,user74,user74@gmail.com,India,Karnataka,Bagalkot,2018-31-14 08:31:12
75,user75,user75,user75@gmail.com,India,Andhra Pradesh,Visakhapatnam,2018-31-14 08:31:13
76,user76,user76,user76@gmail.com,India,Chennai,Kottur,2018-31-14 08:31:13
77,user77,user77,user77@gmail.com,US,Florida,Key Biscayne,2018-31-14 08:31:13
78,user78,user78,user78@gmail.com,US,Hawaii,Pearl City,2018-31-14 08:31:13
79,user79,user79,user79@gmail.com,US,Hawaii,Mililani Town,2018-31-14 08:31:13
80,user80,user80,user80@gmail.com,India,Telangana,Warangal,2018-31-14 08:31:13
81,user81,user81,user81@gmail.com,India,Andhra Pradesh,Rajahmundry,2018-31-14 08:31:13
82,user82,user82,user82@gmail.com,US,Washington,Pasco,2018-31-14 08:31:13
83,user83,user83,user83@gmail.com,India,Andhra Pradesh,Vijayawada,2018-31-14 08:31:13
84,user84,user84,user84@gmail.com,India,Andhra Pradesh,Guntur,2018-31-14 08:31:13
85,user85,user85,user85@gmail.com,India,Telangana,Nizamabad,2018-31-14 08:31:14
86,user86,user86,user86@gmail.com,India,Karnataka,Vijayapura,2018-31-14 08:31:14
87,user87,user87,user87@gmail.com,US,Florida,Indian Creek,2018-31-14 08:31:14
88,user88,user88,user88@gmail.com,India,Andhra Pradesh,Guntur,2018-31-14 08:31:14
89,user89,user89,user89@gmail.com,US,Florida,Hollywood,2018-31-14 08:31:14
90,user90,user90,user90@gmail.com,India,Andhra Pradesh,Tirupati,2018-31-14 08:31:14
91,user91,user91,user91@gmail.com,US,Hawaii,Hanapepe,2018-31-14 08:31:14
92,user92,user92,user92@gmail.com,India,Andhra Pradesh,Vijayawada,2018-31-14 08:31:14
93,user93,user93,user93@gmail.com,US,New York,Glens Falls,2018-31-14 08:31:14
94,user94,user94,user94@gmail.com,US,Hawaii,Honolulu,2018-31-14 08:31:14
95,user95,user95,user95@gmail.com,India,Chennai,Madras,2018-31-14 08:31:15
96,user96,user96,user96@gmail.com,India,Karnataka,Bengaluru,2018-31-14 08:31:15
97,user97,user97,user97@gmail.com,India,Telangana,Warangal,2018-31-14 08:31:15
98,user98,user98,user98@gmail.com,US,Washington,Bellevue,2018-31-14 08:31:15
99,user99,user99,user99@gmail.com,US,Washington,Auburn,2018-31-14 08:31:15
100,user100,user100,user100@gmail.com,India,Telangana,Warangal,2018-31-14 08:31:15
101,user101,user101,user101@gmail.com,India,Telangana,Nalgonda,2018-31-14 08:31:15
102,user102,user102,user102@gmail.com,India,Chennai,Madras,2018-31-14 08:31:15
103,user103,user103,user103@gmail.com,US,Washington,Seattle,2018-31-14 08:31:15
104,user104,user104,user104@gmail.com,India,Telangana,Nizamabad,2018-31-14 08:31:16
105,user105,user105,user105@gmail.com,India,Chennai,Madras,2018-31-14 08:31:16
106,user106,user106,user106@gmail.com,India,Karnataka,Ballari,2018-31-14 08:31:16
107,user107,user107,user107@gmail.com,US,Hawaii,Pearl City,2018-31-14 08:31:16
108,user108,user108,user108@gmail.com,US,Hawaii,Honolulu,2018-31-14 08:31:16
109,user109,user109,user109@gmail.com,India,Telangana,Hyderabad,2018-31-14 08:31:16
110,user110,user110,user110@gmail.com,US,Hawaii,Mililani Town,2018-31-14 08:31:16
111,user111,user111,user111@gmail.com,India,Chennai,Tambaram,2018-31-14 08:31:16
112,user112,user112,user112@gmail.com,US,Florida,Hollywood,2018-31-14 08:31:16
113,user113,user113,user113@gmail.com,US,New York,Glens Falls,2018-31-14 08:31:16
114,user114,user114,user114@gmail.com,India,Andhra Pradesh,Kakinada,2018-31-14 08:31:17
115,user115,user115,user115@gmail.com,US,Hawaii,Hanapepe,2018-31-14 08:31:17
116,user116,user116,user116@gmail.com,US,Hawaii,Mililani Town,2018-31-14 08:31:17
117,user117,user117,user117@gmail.com,India,Karnataka,Bengaluru,2018-31-14 08:31:17
118,user118,user118,user118@gmail.com,India,Andhra Pradesh,Tirupati,2018-31-14 08:31:17
119,user119,user119,user119@gmail.com,US,Washington,Auburn,2018-31-14 08:31:17
120,user120,user120,user120@gmail.com,India,Andhra Pradesh,Guntur,2018-31-14 08:31:17
121,user121,user121,user121@gmail.com,India,Andhra Pradesh,Guntur,2018-31-14 08:31:17
122,user122,user122,user122@gmail.com,US,Florida,Orlando,2018-31-14 08:31:17
123,user123,user123,user123@gmail.com,US,Washington,Bellevue,2018-31-14 08:31:17
124,user124,user124,user124@gmail.com,US,Hawaii,Mililani Town,2018-31-14 08:31:18
125,user125,user125,user125@gmail.com,US,Hawaii,Mililani Town,2018-31-14 08:31:18
126,user126,user126,user126@gmail.com,India,Andhra Pradesh,Visakhapatnam,2018-31-14 08:31:18
127,user127,user127,user127@gmail.com,US,New York,Glens Falls,2018-31-14 08:31:18
128,user128,user128,user128@gmail.com,US,Washington,Bellevue,2018-31-14 08:31:18
129,user129,user129,user129@gmail.com,India,Telangana,Karimnagar,2018-31-14 08:31:18
130,user130,user130,user130@gmail.com,India,Chennai,Mangadu,2018-31-14 08:31:18
131,user131,user131,user131@gmail.com,India,Andhra Pradesh,Vijayawada,2018-31-14 08:31:18
132,user132,user132,user132@gmail.com,India,Andhra Pradesh,Visakhapatnam,2018-31-14 08:31:18
133,user133,user133,user133@gmail.com,US,Florida,Tierra Verde,2018-31-14 08:31:18
134,user134,user134,user134@gmail.com,US,New York,Hornell,2018-31-14 08:31:19
135,user135,user135,user135@gmail.com,US,New York,Hornell,2018-31-14 08:31:19
136,user136,user136,user136@gmail.com,US,Washington,Bellingham,2018-31-14 08:31:19
137,user137,user137,user137@gmail.com,India,Andhra Pradesh,Vijayawada,2018-31-14 08:31:19
138,user138,user138,user138@gmail.com,India,Telangana,Warangal,2018-31-14 08:31:19
139,user139,user139,user139@gmail.com,India,Telangana,Hyderabad,2018-31-14 08:31:19
140,user140,user140,user140@gmail.com,US,Hawaii,Mililani Town,2018-31-14 08:31:19
141,user141,user141,user141@gmail.com,India,Chennai,Adambakkam,2018-31-14 08:31:19
142,user142,user142,user142@gmail.com,India,Karnataka,Bengaluru,2018-31-14 08:31:19
143,user143,user143,user143@gmail.com,US,New York,Hornell,2018-31-14 08:31:19
144,user144,user144,user144@gmail.com,India,Karnataka,Bagalkot,2018-31-14 08:31:20
145,user145,user145,user145@gmail.com,US,Hawaii,East Honolulu,2018-31-14 08:31:20
146,user146,user146,user146@gmail.com,US,Washington,Renton,2018-31-14 08:31:20
147,user147,user147,user147@gmail.com,India,Andhra Pradesh,Visakhapatnam,2018-31-14 08:31:20
148,user148,user148,user148@gmail.com,India,Chennai,Tambaram,2018-31-14 08:31:20
149,user149,user149,user149@gmail.com,India,Karnataka,Bidar,2018-31-14 08:31:20
150,user150,user150,user150@gmail.com,US,Hawaii,Mililani Town,2018-31-14 08:31:20
151,user151,user151,user151@gmail.com,US,Florida,Key Biscayne,2018-31-14 08:31:20
152,user152,user152,user152@gmail.com,India,Chennai,Kottur,2018-31-14 08:31:20
153,user153,user153,user153@gmail.com,India,Chennai,Adambakkam,2018-31-14 08:31:20
154,user154,user154,user154@gmail.com,India,Karnataka,Mangaluru,2018-31-14 08:31:21
155,user155,user155,user155@gmail.com,India,Chennai,Adambakkam,2018-31-14 08:31:21
156,user156,user156,user156@gmail.com,US,New York,Hornell,2018-31-14 08:31:21
157,user157,user157,user157@gmail.com,US,Washington,Auburn,2018-31-14 08:31:21
158,user158,user158,user158@gmail.com,India,Chennai,Tambaram,2018-31-14 08:31:21
159,user159,user159,user159@gmail.com,India,Telangana,Khammam,2018-31-14 08:31:21
160,user160,user160,user160@gmail.com,India,Telangana,Hyderabad,2018-31-14 08:31:21
161,user161,user161,user161@gmail.com,India,Andhra Pradesh,Vijayawada,2018-31-14 08:31:21
162,user162,user162,user162@gmail.com,US,Washington,Auburn,2018-31-14 08:31:21
163,user163,user163,user163@gmail.com,India,Telangana,Khammam,2018-31-14 08:31:21
164,user164,user164,user164@gmail.com,US,New York,Glens Falls,2018-31-14 08:31:22
165,user165,user165,user165@gmail.com,US,New York,Niagara Falls,2018-31-14 08:31:22
166,user166,user166,user166@gmail.com,US,New York,Glens Falls,2018-31-14 08:31:22
167,user167,user167,user167@gmail.com,India,Telangana,Nalgonda,2018-31-14 08:31:22
168,user168,user168,user168@gmail.com,US,Florida,Indian Creek,2018-31-14 08:31:22
169,user169,user169,user169@gmail.com,US,Washington,Auburn,2018-31-14 08:31:22
170,user170,user170,user170@gmail.com,US,Florida,South Beach,2018-31-14 08:31:22
171,user171,user171,user171@gmail.com,US,Washington,Auburn,2018-31-14 08:31:22
172,user172,user172,user172@gmail.com,India,Karnataka,Mangaluru,2018-31-14 08:31:22
173,user173,user173,user173@gmail.com,India,Telangana,Nalgonda,2018-31-14 08:31:22
174,user174,user174,user174@gmail.com,US,Hawaii,Hanapepe,2018-31-14 08:31:23
175,user175,user175,user175@gmail.com,US,Hawaii,Honolulu,2018-31-14 08:31:23
176,user176,user176,user176@gmail.com,India,Chennai,Mangadu,2018-31-14 08:31:23
177,user177,user177,user177@gmail.com,India,Andhra Pradesh,Tirupati,2018-31-14 08:31:23
178,user178,user178,user178@gmail.com,India,Chennai,Kottur,2018-31-14 08:31:23
179,user179,user179,user179@gmail.com,India,Andhra Pradesh,Rajahmundry,2018-31-14 08:31:23
180,user180,user180,user180@gmail.com,US,New York,Albany,2018-31-14 08:31:23
181,user181,user181,user181@gmail.com,US,New York,Albany,2018-31-14 08:31:23
182,user182,user182,user182@gmail.com,India,Andhra Pradesh,Kakinada,2018-31-14 08:31:23
183,user183,user183,user183@gmail.com,US,Washington,Seattle,2018-31-14 08:31:23
184,user184,user184,user184@gmail.com,India,Telangana,Karimnagar,2018-31-14 08:31:24
185,user185,user185,user185@gmail.com,US,Washington,Bellingham,2018-31-14 08:31:24
186,user186,user186,user186@gmail.com,US,Hawaii,Honolulu,2018-31-14 08:31:24
187,user187,user187,user187@gmail.com,India,Andhra Pradesh,Kakinada,2018-31-14 08:31:24
188,user188,user188,user188@gmail.com,India,Chennai,Kottur,2018-31-14 08:31:24
189,user189,user189,user189@gmail.com,US,Washington,Pasco,2018-31-14 08:31:24
190,user190,user190,user190@gmail.com,India,Chennai,Mangadu,2018-31-14 08:31:24
191,user191,user191,user191@gmail.com,US,Florida,Key Biscayne,2018-31-14 08:31:24
192,user192,user192,user192@gmail.com,US,Florida,Orlando,2018-31-14 08:31:24
193,user193,user193,user193@gmail.com,India,Telangana,Nalgonda,2018-31-14 08:31:24
194,user194,user194,user194@gmail.com,India,Chennai,Madras,2018-31-14 08:31:25
195,user195,user195,user195@gmail.com,US,Florida,Orlando,2018-31-14 08:31:25
196,user196,user196,user196@gmail.com,US,Hawaii,Pupukea,2018-31-14 08:31:25
197,user197,user197,user197@gmail.com,India,Andhra Pradesh,Guntur,2018-31-14 08:31:25
198,user198,user198,user198@gmail.com,US,New York,Hornell,2018-31-14 08:31:25
199,user199,user199,user199@gmail.com,US,New York,Niagara Falls,2018-31-14 08:31:25
200,user200,user200,user200@gmail.com,India,Karnataka,Ballari,2018-31-14 08:31:25
201,user201,user201,user201@gmail.com,US,New York,Albany,2018-31-14 08:31:25
202,user202,user202,user202@gmail.com,India,Chennai,Tambaram,2018-31-14 08:31:25
203,user203,user203,user203@gmail.com,US,Hawaii,Mililani Town,2018-31-14 08:31:25
204,user204,user204,user204@gmail.com,India,Telangana,Nalgonda,2018-31-14 08:31:26
205,user205,user205,user205@gmail.com,India,Karnataka,Ballari,2018-31-14 08:31:26
206,user206,user206,user206@gmail.com,India,Andhra Pradesh,Kakinada,2018-31-14 08:31:26
207,user207,user207,user207@gmail.com,India,Chennai,Virugambakkam,2018-31-14 08:31:26
208,user208,user208,user208@gmail.com,US,New York,Hornell,2018-31-14 08:31:26
209,user209,user209,user209@gmail.com,US,Hawaii,Hanapepe,2018-31-14 08:31:26
210,user210,user210,user210@gmail.com,India,Karnataka,Bidar,2018-31-14 08:31:26
211,user211,user211,user211@gmail.com,US,Hawaii,Mililani Town,2018-31-14 08:31:26
212,user212,user212,user212@gmail.com,India,Andhra Pradesh,Tirupati,2018-31-14 08:31:26
213,user213,user213,user213@gmail.com,US,Washington,Renton,2018-31-14 08:31:26
214,user214,user214,user214@gmail.com,US,Hawaii,Pearl City,2018-31-14 08:31:27
215,user215,user215,user215@gmail.com,US,Florida,Tierra Verde,2018-31-14 08:31:27
216,user216,user216,user216@gmail.com,India,Andhra Pradesh,Kakinada,2018-31-14 08:31:27
217,user217,user217,user217@gmail.com,India,Andhra Pradesh,Tirupati,2018-31-14 08:31:27
218,user218,user218,user218@gmail.com,US,Washington,Bellingham,2018-31-14 08:31:27
219,user219,user219,user219@gmail.com,India,Telangana,Khammam,2018-31-14 08:31:27
220,user220,user220,user220@gmail.com,US,New York,Niagara Falls,2018-31-14 08:31:27
221,user221,user221,user221@gmail.com,India,Chennai,Kottur,2018-31-14 08:31:27
222,user222,user222,user222@gmail.com,US,New York,Glens Falls,2018-31-14 08:31:27
223,user223,user223,user223@gmail.com,India,Karnataka,Ballari,2018-31-14 08:31:27
224,user224,user224,user224@gmail.com,India,Andhra Pradesh,Vijayawada,2018-31-14 08:31:28
225,user225,user225,user225@gmail.com,India,Andhra Pradesh,Kakinada,2018-31-14 08:31:28
226,user226,user226,user226@gmail.com,India,Chennai,Virugambakkam,2018-31-14 08:31:28
227,user227,user227,user227@gmail.com,India,Andhra Pradesh,Tirupati,2018-31-14 08:31:28
228,user228,user228,user228@gmail.com,India,Chennai,Madras,2018-31-14 08:31:28
229,user229,user229,user229@gmail.com,India,Andhra Pradesh,Kakinada,2018-31-14 08:31:28
230,user230,user230,user230@gmail.com,US,Florida,South Beach,2018-31-14 08:31:28
231,user231,user231,user231@gmail.com,India,Telangana,Hyderabad,2018-31-14 08:31:28
232,user232,user232,user232@gmail.com,US,New York,Niagara Falls,2018-31-14 08:31:28
233,user233,user233,user233@gmail.com,India,Chennai,Virugambakkam,2018-31-14 08:31:28
234,user234,user234,user234@gmail.com,India,Karnataka,Bagalkot,2018-31-14 08:31:29
235,user235,user235,user235@gmail.com,India,Chennai,Virugambakkam,2018-31-14 08:31:29
236,user236,user236,user236@gmail.com,India,Karnataka,Bengaluru,2018-31-14 08:31:29
237,user237,user237,user237@gmail.com,US,Hawaii,East Honolulu,2018-31-14 08:31:29
238,user238,user238,user238@gmail.com,India,Karnataka,Bagalkot,2018-31-14 08:31:29
239,user239,user239,user239@gmail.com,India,Andhra Pradesh,Guntur,2018-31-14 08:31:29
240,user240,user240,user240@gmail.com,India,Karnataka,Mangaluru,2018-31-14 08:31:29
241,user241,user241,user241@gmail.com,India,Karnataka,Ballari,2018-31-14 08:31:29
242,user242,user242,user242@gmail.com,US,Washington,Auburn,2018-31-14 08:31:29
243,user243,user243,user243@gmail.com,US,Florida,Tierra Verde,2018-31-14 08:31:29
244,user244,user244,user244@gmail.com,US,Florida,Key Biscayne,2018-31-14 08:31:30
245,user245,user245,user245@gmail.com,US,Hawaii,Hanapepe,2018-31-14 08:31:30
246,user246,user246,user246@gmail.com,US,Hawaii,Pupukea,2018-31-14 08:31:30
247,user247,user247,user247@gmail.com,India,Telangana,Nizamabad,2018-31-14 08:31:30
248,user248,user248,user248@gmail.com,India,Karnataka,Mangaluru,2018-31-14 08:31:30
249,user249,user249,user249@gmail.com,India,Chennai,Mangadu,2018-31-14 08:31:30
250,user250,user250,user250@gmail.com,US,Florida,Key Biscayne,2018-31-14 08:31:30
251,user251,user251,user251@gmail.com,US,Florida,Orlando,2018-31-14 08:31:30
252,user252,user252,user252@gmail.com,US,Washington,Seattle,2018-31-14 08:31:30
253,user253,user253,user253@gmail.com,India,Andhra Pradesh,Rajahmundry,2018-31-14 08:31:30
254,user254,user254,user254@gmail.com,US,Washington,Renton,2018-31-14 08:31:31
255,user255,user255,user255@gmail.com,US,Hawaii,Pearl City,2018-31-14 08:31:31
256,user256,user256,user256@gmail.com,India,Telangana,Nalgonda,2018-31-14 08:31:31
257,user257,user257,user257@gmail.com,US,Hawaii,Honolulu,2018-31-14 08:31:31
258,user258,user258,user258@gmail.com,India,Chennai,Virugambakkam,2018-31-14 08:31:31
259,user259,user259,user259@gmail.com,India,Telangana,Nalgonda,2018-31-14 08:31:31
260,user260,user260,user260@gmail.com,US,Hawaii,Honolulu,2018-31-14 08:31:31
261,user261,user261,user261@gmail.com,US,New York,Glens Falls,2018-31-14 08:31:31
262,user262,user262,user262@gmail.com,India,Chennai,Kottur,2018-31-14 08:31:31
263,user263,user263,user263@gmail.com,India,Andhra Pradesh,Kakinada,2018-31-14 08:31:31
264,user264,user264,user264@gmail.com,India,Telangana,Hyderabad,2018-31-14 08:31:32
265,user265,user265,user265@gmail.com,US,New York,Canandaigua,2018-31-14 08:31:32
266,user266,user266,user266@gmail.com,US,New York,Little Falls,2018-31-14 08:31:32
267,user267,user267,user267@gmail.com,US,Washington,Seattle,2018-31-14 08:31:32
268,user268,user268,user268@gmail.com,US,Washington,Seattle,2018-31-14 08:31:32
269,user269,user269,user269@gmail.com,US,Washington,Seattle,2018-31-14 08:31:32
270,user270,user270,user270@gmail.com,US,Hawaii,Honolulu,2018-31-14 08:31:32
271,user271,user271,user271@gmail.com,India,Chennai,Adambakkam,2018-31-14 08:31:32
272,user272,user272,user272@gmail.com,India,Telangana,Nizamabad,2018-31-14 08:31:32
273,user273,user273,user273@gmail.com,US,New York,Glens Falls,2018-31-14 08:31:32
274,user274,user274,user274@gmail.com,India,Andhra Pradesh,Tirupati,2018-31-14 08:31:33
275,user275,user275,user275@gmail.com,US,Hawaii,Mililani Town,2018-31-14 08:31:33
276,user276,user276,user276@gmail.com,US,Washington,Bellingham,2018-31-14 08:31:33
277,user277,user277,user277@gmail.com,India,Andhra Pradesh,Rajahmundry,2018-31-14 08:31:33
278,user278,user278,user278@gmail.com,India,Andhra Pradesh,Guntur,2018-31-14 08:31:33
279,user279,user279,user279@gmail.com,US,New York,Niagara Falls,2018-31-14 08:31:33
280,user280,user280,user280@gmail.com,India,Chennai,Tambaram,2018-31-14 08:31:33
281,user281,user281,user281@gmail.com,US,Florida,South Beach,2018-31-14 08:31:33
282,user282,user282,user282@gmail.com,India,Karnataka,Bidar,2018-31-14 08:31:33
283,user283,user283,user283@gmail.com,India,Chennai,Tambaram,2018-31-14 08:31:33
284,user284,user284,user284@gmail.com,India,Karnataka,Ballari,2018-31-14 08:31:34
285,user285,user285,user285@gmail.com,India,Andhra Pradesh,Rajahmundry,2018-31-14 08:31:34
286,user286,user286,user286@gmail.com,India,Chennai,Madras,2018-31-14 08:31:34
287,user287,user287,user287@gmail.com,India,Andhra Pradesh,Kakinada,2018-31-14 08:31:34
288,user288,user288,user288@gmail.com,India,Telangana,Karimnagar,2018-31-14 08:31:34
289,user289,user289,user289@gmail.com,US,Washington,Auburn,2018-31-14 08:31:34
290,user290,user290,user290@gmail.com,US,Hawaii,Pupukea,2018-31-14 08:31:34
291,user291,user291,user291@gmail.com,US,Hawaii,Pearl City,2018-31-14 08:31:34
292,user292,user292,user292@gmail.com,US,Florida,Hollywood,2018-31-14 08:31:34
293,user293,user293,user293@gmail.com,US,Washington,Renton,2018-31-14 08:31:34
294,user294,user294,user294@gmail.com,US,Washington,Auburn,2018-31-14 08:31:35
295,user295,user295,user295@gmail.com,US,New York,Little Falls,2018-31-14 08:31:35
296,user296,user296,user296@gmail.com,India,Andhra Pradesh,Visakhapatnam,2018-31-14 08:31:35
297,user297,user297,user297@gmail.com,US,Hawaii,Mililani Town,2018-31-14 08:31:35
298,user298,user298,user298@gmail.com,US,New York,Albany,2018-31-14 08:31:35
299,user299,user299,user299@gmail.com,India,Telangana,Hyderabad,2018-31-14 08:31:35
300,user300,user300,user300@gmail.com,US,Florida,Tierra Verde,2018-31-14 08:31:35
